{
  "clinical_accuracy": 0.5828750981932443,
  "safety_score": 0.0063723448563098705,
  "safety_breakdown": {
    "reasoning_hallucination": 0.0063723448563098705,
    "memory_hallucination": 0.0,
    "macro_avg": 0.0063723448563098705
  },
  "retention": {
    "clinical_retention": 0.978891820580475,
    "safety_retention": 1.0,
    "mean_retention": 0.9894459102902375
  },
  "model_name": "meta-llama/Llama-3.1-8B",
  "sparsity": 0.2,
  "timestamp": "2026-03-13T13:24:55.659357+00:00",
  "calibration": "cot"
}